config,sharpe,fold_median,frac_pos,worst_fold,growth_week,max_dd,ann_vol,avg_lev,frac_flat,fold_0,fold_1,fold_2,fold_3,fold_4,fold_5,fold_6,fold_7
cố định 1.58x,1.7424664130719474,1.6149832906430825,1.0,0.3011613665761779,0.01936254075930718,0.5279159902330567,0.7202293488801562,1.58,0.0,2.5731651424797297,2.959618345791697,1.5677382026324735,0.3011613665761779,2.722790761201326,0.4777007149899393,1.042566911812447,1.6622283786536918
cố định 2.00x,1.742466413071947,1.6149832906430825,1.0,0.3011613665761782,0.022905037240476725,0.6219991087287433,0.9116827201014636,2.0,0.0,2.57316514247973,2.9596183457916974,1.5677382026324735,0.3011613665761782,2.722790761201326,0.4777007149899389,1.0425669118124468,1.6622283786536913
cố định 2.50x,1.7424664130719474,1.6149832906430832,1.0,0.30116136657617804,0.026164799626440315,0.7138907175280498,1.1396034001268296,2.5,0.0,2.5731651424797297,2.9596183457916982,1.5677382026324747,0.30116136657617804,2.722790761201327,0.4777007149899389,1.0425669118124468,1.6622283786536918
cố định 3.00x,1.7424664130719476,1.6149832906430825,1.0,0.3011613665761778,0.028251584995809972,0.7869525836734041,1.367524080152195,3.0,0.0,2.5731651424797284,2.9596183457916974,1.567738202632474,0.3011613665761778,2.7227907612013253,0.4777007149899393,1.0425669118124465,1.6622283786536913
cố định 3.50x,1.7424664130719474,1.614983290643083,1.0,0.3011613665761778,0.028868401041367762,0.8497457426356543,1.5954447601775612,3.5,0.0,2.5731651424797297,2.9596183457916974,1.567738202632474,0.3011613665761778,2.7227907612013262,0.4777007149899393,1.042566911812447,1.662228378653692
vol 60%/w20,1.2200360654212044,1.4618315670764614,0.875,-0.28229168860553405,0.010589261582149564,0.5586515393240412,0.5855291555474927,1.4645561773411218,0.40425531914893614,2.4950956631691277,2.2903870075976793,1.4688050877092504,0.7704500330511717,1.8438244418536751,-0.28229168860553405,1.4548580464436724,0.13307722557822144
vol 60%/w20 +van,0.9559441645134861,0.7594463570838096,0.875,-1.5400967205345932,0.006254014303571598,0.4309175630943901,0.43856531104718716,0.9056420731495155,0.6282853566958698,2.393692487238504,2.2903870075976793,0.6823844144521242,0.08053168378084383,0.7439836275129169,0.7749090866547023,1.2166749914448243,-1.5400967205345932
vol 60%/w40,1.2842992293670996,0.8075448639299729,0.875,0.0,0.01180314120721383,0.516625860185154,0.6115729744602908,1.3021135517846518,0.4555694618272841,3.1082196268723923,0.0,1.709737317420175,0.487495154168556,1.6730260492891909,0.5476802030033099,0.4185020579393415,1.067409524856636
vol 60%/w40 +van,0.5121692820578118,0.22665186788601357,0.5,-2.138058453019575,0.0023594893981580675,0.5188700331129873,0.3682288219701465,0.6194843438762789,0.7571964956195244,1.9244349261084328,0.0,1.064416166280206,0.48281885231947014,-0.6022040027471649,0.45330373577202715,-0.9952705233577809,-2.138058453019575
vol 60%/w60,1.301880935058793,0.911847910494453,0.875,0.0,0.01191419473185479,0.4028976713798975,0.6060006919318086,1.2352249374567834,0.4718397997496871,2.6698585745136247,0.0,0.9281805372642307,0.2065480362279393,1.6912377296771008,0.8145311994195055,0.8955152837246754,1.6560819294745548
vol 60%/w60 +van,0.9475910076087798,0.7377803172510218,0.875,0.0,0.00643898528757739,0.3570937529253343,0.4499333822590803,0.7230738057660429,0.6983729662077597,1.8187213878444175,0.0,0.8336709032993608,0.38233055225573753,0.05055845207871879,0.7338509496392249,0.7417096848628185,1.643866744598611
vol 60%/w90,1.4574832821956065,0.9035312416815091,0.875,0.0,0.01314609732544388,0.36140210246926063,0.5778863462488218,1.1653111193903922,0.47058823529411764,2.8875194009975393,2.4435595857538814,0.9924263414835632,0.39254982493141843,2.4846465588209385,0.28354864611103114,0.8146361418794551,0.0
vol 60%/w90 +van,0.824747997989274,0.5666508815324027,0.625,-0.2878679827512492,0.004262573309189936,0.30648714553321965,0.3381698463733515,0.5986229575077614,0.7346683354192741,1.7915289104082393,0.0,0.9676940560205289,0.5690882073374762,1.2330086710152561,0.5642135557273291,-0.2878679827512492,0.0
vol 80%/w20,1.2991095890826074,1.1477831346366245,1.0,0.052565879930163144,0.01526789293331822,0.7449302152536901,0.9093951742622387,2.2183544949018237,0.22903629536921152,2.642036870259796,1.764632953857702,1.4648805652624242,0.7145494969009032,2.1565154720415944,0.052565879930163144,0.8306857040108248,0.6319441321307915
vol 80%/w20 +van,0.9046320898264114,0.7557226926189176,0.875,-0.9940672917306621,0.006852267060184889,0.4528218280571956,0.5767488221413464,1.072890374540681,0.6120150187734669,1.846968208333048,0.6694408849528369,1.5068697062815128,1.10180932284529,0.7362615983817054,0.7751837868561298,0.36977935630867614,-0.9940672917306621
vol 80%/w40,1.5473359387102248,1.3183037865491993,1.0,0.4874951541685554,0.019515662335879123,0.6456671277882398,0.8861343925593955,2.087022561797332,0.23153942428035043,2.626810664492869,3.6658209808848756,1.5807987313180458,0.4874951541685554,2.3928280673279407,0.6145142468301088,1.055808841780353,1.0275393273497107
vol 80%/w40 +van,0.8666701449905554,0.849782571119877,0.75,-1.4522228121208904,0.0058777815334507015,0.4149639597598578,0.48640848453743485,0.8547967092338883,0.6758448060075094,1.6835019866212129,2.6311320467561194,1.124657023157865,0.694499969316177,1.005065172923577,-0.8376523198524356,0.5982144873265853,-1.4522228121208904
vol 80%/w60,1.464092563420351,1.1112913626946206,1.0,0.20654803622793944,0.018251860485632473,0.5929228987078444,0.908139602726731,2.051938932062274,0.21401752190237797,2.770992514366818,0.9141371279307776,1.4905820092737838,0.20654803622793944,2.4489171330054553,0.7945719396700339,1.0770334437844697,1.1455492816047717
vol 80%/w60 +van,0.605022530251639,0.617146919444242,0.75,-1.9102402738956739,0.0032629326587581293,0.45007065440915217,0.4465674542644091,0.8106467441376133,0.7021276595744681,1.531534491722202,1.5200429962031845,0.8689931213560743,0.6546766891714453,-0.12264925414971382,0.5796171497170389,0.28653302677525544,-1.9102402738956739
vol 80%/w90,1.4751408332556748,1.209859239398858,0.875,-0.2811704120358721,0.01788985870857823,0.5927581341787331,0.8822840067279976,1.8773340138729744,0.26032540675844806,2.715174300977366,1.613661533602716,1.3139550609008996,0.3925498249314185,2.5708710369224055,-0.2811704120358721,1.1057634178968165,0.8441315966718393
vol 80%/w90 +van,1.003194643166617,1.1072202943325182,0.875,-0.7357962023654057,0.008372593041628577,0.44690217009856736,0.5976902773160157,0.8554465620264601,0.6533166458072591,1.4970302636114488,1.8689712426643297,0.4169869236933872,0.18805784814452123,1.7026390086995922,-0.7357962023654057,0.7174103250535877,1.5625456064277201
vol 90%/w20,1.3123572618473391,1.1520133800545687,1.0,0.059059832058308004,0.016389525052344107,0.7659834729129584,1.0364219197720828,2.5709162317156102,0.16145181476846057,2.7399818232539457,1.0558596472045743,1.482747395962878,0.6658860608282952,2.3584969744539843,0.059059832058308004,1.248167112904563,0.6319441321307915
vol 90%/w20 +van,0.696409026754062,0.7799251067459103,0.625,-1.0346759480728474,0.004470531217155026,0.6422660286593438,0.559643744256791,0.9068014578814823,0.7008760951188986,1.7792460782844006,0.6694408849528372,0.8904093285389834,1.300594725263713,1.1674738496264436,-0.4591387854808348,-1.0346759480728474,-0.7426453343892546
vol 90%/w40,1.53186974654761,1.3522779714024404,1.0,0.48749515416855566,0.020860634919039507,0.7145375648912564,1.017920477571646,2.4330166581916783,0.16270337922403003,2.7786602139916234,2.2170753291820486,1.5807987313180456,0.48749515416855566,2.3928280673279403,0.6640776220025312,1.1237572114868353,0.9368591039445568
vol 90%/w40 +van,0.8545518129662557,0.4927772834663929,0.5,-0.8416382944346547,0.006983110387066289,0.7467826968177596,0.6270713167737383,0.878367785444225,0.6770963704630788,1.564930884066532,2.970327599199509,1.1632630835229871,-0.3624053974558863,-0.289839447315256,-0.8416382944346547,-0.1777085165902014,1.5123253154482066
vol 90%/w60,1.5676389954518106,1.318065645439278,1.0,0.20654803622793938,0.02160022819866554,0.6405340987302333,1.0206560891787348,2.2987360017194174,0.19899874843554444,2.7740410028107734,1.912539307657679,1.4905820092737845,0.20654803622793938,2.599398868753758,0.7945719396700333,1.07703344378447,1.1455492816047717
vol 90%/w60 +van,0.7079389491232329,0.6157829598673874,0.75,-1.8676640780960538,0.004355717901607234,0.4920441905595261,0.4889276251717468,0.8263882338281796,0.7071339173967459,1.5575715982229863,2.2896532028325884,0.8410623890255271,0.6953422906390306,-0.1766559853922874,0.5362236290957442,0.2888580522112977,-1.8676640780960538
vol 90%/w90,1.514597407222668,1.2468680562034422,1.0,0.29671069451469867,0.02010809818278106,0.6406533680163746,1.0213004310879037,2.2696940844927953,0.14893617021276595,2.7083082261926053,1.3879726945100677,1.4841315610668302,0.3925498249314186,2.7284643322529547,0.29671069451469867,1.1057634178968168,0.8441315966718393
vol 90%/w90 +van,0.9759767078424819,0.9079309263689986,0.875,-1.1622604869249273,0.007091914709469007,0.3781439579524615,0.518077046718598,0.8985118606824097,0.6445556946182729,1.5235969774320766,1.1025270739170803,1.4497601205981332,0.46012280411445156,1.4980622869491598,0.713334778820917,0.508691886672235,-1.1622604869249273
vol 100%/w20,1.2389836589400247,0.9556818523438251,0.875,-0.008361390136190453,0.01531950467658451,0.8247018438397822,1.145331359574726,2.8543944427875316,0.13266583229036297,2.6727912422846156,1.0040777006243746,1.4783997099948067,0.6065913203281816,2.345059123437977,-0.008361390136190453,0.9072860040632755,0.6677780645213512
vol 100%/w20 +van,0.6542085861197261,0.7877143819617272,0.625,-1.096237348427217,0.004038451370651288,0.695906647972885,0.6020697212851587,0.9042757607013583,0.7221526908635795,1.6812495814251052,0.6694408849528369,0.9059878789706173,1.2429959096547043,1.1590847191774227,-0.43269780667452884,-1.008127421155133,-1.096237348427217
vol 100%/w40,1.4569283540569296,1.2388301528189993,1.0,0.48491323421349375,0.020464708488789795,0.7556105512424138,1.1430260364169587,2.7076305978655286,0.1414267834793492,2.7561305230108992,1.3539030941511636,1.5760852693773086,0.48491323421349375,2.388654052221004,0.664077622002531,1.1237572114868353,0.9368591039445568
vol 100%/w40 +van,0.8555848306638391,0.8838558922995708,0.75,-0.7991948091615052,0.007412831214931723,0.6070548855710141,0.7060555906003878,0.8624188280813987,0.7246558197747184,1.5498973415167214,1.2749563937726167,1.0346106952681322,0.7331010893310095,-0.16060194569459246,-0.7991948091615052,0.2378129380970174,1.5257362980384321
vol 100%/w60,1.5802785028420339,1.283807726529127,1.0,0.20654803622793907,0.02332430977862568,0.6835113346512998,1.1567285110821361,2.6703148283139444,0.11013767209011265,2.7633727827292427,2.4311085193226973,1.4905820092737838,0.20654803622793907,2.683344226717385,0.5581501080180279,1.0770334437844704,0.8813079158507929
vol 100%/w60 +van,0.8864579145055473,0.8535988804945789,0.875,-0.5632500014121633,0.0078106315814319115,0.5578628535154333,0.6960821324675649,0.8226140294848215,0.7296620775969962,1.583569641307981,1.8244285119624335,0.9666409105000279,0.7405568504891298,0.03711838796094726,-0.5632500014121633,0.14480500624610076,1.3308327230154433
vol 100%/w90,1.7737790541325802,1.555941951541695,1.0,0.39254982493141843,0.02725149066730301,0.6839158726084333,1.1696127938519938,2.718320012443752,0.01376720901126408,2.6795830306723953,2.7407531866514123,1.48413156106683,0.39254982493141843,2.728464332252955,0.4041424356181554,1.105763417896817,1.62775234201656
vol 100%/w90 +van,1.1858455928274287,1.3912694845712632,1.0,0.44821988417125197,0.01124215265142439,0.402856496887366,0.6756446841144313,0.9740485616241621,0.6370463078848561,1.5501097044346464,1.6745878862951065,1.5063203866459642,0.44821988417125197,1.5246268591088026,0.6088252886671601,0.6497057685210338,1.2762185824965622
vol 120%/w20,1.4499162946656274,1.3052759279329345,0.875,-0.030349215604069512,0.020948492784146882,0.8583928216016091,1.3504246083745304,3.3878775296360626,0.06132665832290363,2.727579195489818,2.620823093284768,1.5257759963131565,0.48527207798866484,2.334225687673494,-0.030349215604069512,1.0847758595527124,0.6799049153647773
vol 120%/w20 +van,0.6982295444332268,0.5743757416734959,0.75,-0.7551125765934271,0.004493384210959013,0.6477133826543653,0.6932661716157575,1.0138009933084178,0.704630788485607,1.5412867013969007,1.4840583385407262,0.9934288163604754,1.0321791533524451,0.03648716983123485,-0.35714066253349125,0.15532266698651642,-0.7551125765934271
vol 120%/w40,1.6146573489084066,1.3652040006249266,1.0,0.3826990111892774,0.026001159774004825,0.8227915491809425,1.369987371208769,3.329903604778548,0.030037546933667083,2.747411760746533,2.9010364418082464,1.6066507897630182,0.3826990111892774,2.645267474514136,0.5841843653626256,1.1237572114868353,0.7795552690795797
vol 120%/w40 +van,1.0397314613210293,1.1854857518689934,0.875,-0.681030382369645,0.010897391467812762,0.5422138524917098,0.8297604300619656,1.029384790606377,0.6946182728410513,1.594970746908685,1.82068882642148,1.102274020304388,0.9179430945763696,1.268697483433599,-0.681030382369645,0.15307656939388783,1.378917824581363
vol 120%/w60,1.7546990346087223,1.6348562960092965,1.0,0.20507186271693179,0.029889742699866124,0.756925885724046,1.3969132331118546,3.2813026391910873,0.012515644555694618,2.6663275643593938,2.893500095748073,1.525512367359685,0.20507186271693179,2.6809482435672356,0.6593233389127123,1.07703344378447,1.744200224658908
vol 120%/w60 +van,1.0582868551981164,1.1865917432346726,0.875,-0.5341770033458498,0.011207603426831036,0.506370939216235,0.8184847260545653,0.9564784482700538,0.7133917396745932,1.626674533310056,1.8244285119624333,1.039450838905593,1.012452444690261,1.3337326475637523,-0.5341770033458498,0.1108766886005756,1.4054815805714704
vol 120%/w90,1.7405171382189653,1.5223051202191509,1.0,0.39274013250873896,0.028335406507424374,0.7578637492421061,1.3896599433203611,3.2152103972035015,0.0,2.5797094632886455,2.740753186651412,1.48413156106683,0.39274013250873896,2.7192237653646214,0.4041424356181554,1.105763417896817,1.560478679371472
vol 120%/w90 +van,0.7493502531021193,0.42426177137614907,0.875,-0.5203899128241387,0.005015426881221208,0.5246556013712895,0.6005149529194742,0.8883221048958279,0.6833541927409261,1.594039901988053,1.6745878862951071,0.9055967995574793,0.31322945842980643,0.15442149409663883,0.5352940843224917,0.311635490722217,-0.5203899128241387
vol 150%/w20,1.4863869351261,1.3778314007900772,1.0,0.21257781350759905,0.02200086133749557,0.9132127028888835,1.6087734216419562,3.8932313886054364,0.023779724655819776,2.7208281911615324,2.620823093284768,1.5993578216089885,0.33233684959459925,2.55883083896721,0.21257781350759905,1.1563049799711655,0.46494839479900485
vol 150%/w20 +van,0.8078223858611384,0.9764809304920603,0.875,-0.2319830561464409,0.006256161663639221,0.7110241088627735,0.8843811039579613,1.0225347010148167,0.7246558197747184,1.5961055777268276,1.4519144640884956,0.9786625740711195,1.0123420446111795,0.07059916420414017,-0.2319830561464409,0.029994906301280877,0.9742992869130012
vol 150%/w40,1.6649987371879906,1.4695228815990253,1.0,0.2981714130357887,0.028704032762776978,0.8791574294173674,1.639274994354609,3.854776507551671,0.0050062578222778474,2.6286778294823034,2.9010364418082464,1.6446738936745964,0.2981714130357887,2.693711926172078,0.5061398236791442,1.1146679072451124,1.2943718695234545
vol 150%/w40 +van,1.0710273198697622,1.2369850961241102,0.75,-0.2849574945676359,0.012384986569993438,0.5840347651894855,0.9646843083820498,1.086962381874392,0.7171464330413017,1.6300352729302154,1.82068882642148,1.099730868065853,1.1477582351420155,1.3262119571062048,-0.2849574945676359,-0.008491893310192615,1.415699991815829
vol 150%/w60,1.7365711833384583,1.592487019528241,1.0,0.3034475408787332,0.03074234502524103,0.840419561557445,1.674618409372559,3.845878451852762,0.0,2.5986059824413217,2.8935000957480725,1.5342913971609018,0.3034475408787332,2.7271788660718834,0.6566184200316022,1.07703344378447,1.6506826418955802
vol 150%/w60 +van,0.9216697503468648,1.0306066253746429,0.875,-0.4939860908834364,0.009798752437869204,0.6637810987601196,0.9650172823140385,0.9808582740148284,0.7409261576971214,1.6318388149038296,1.8244285119624328,1.1401011801040326,0.9211120706452531,0.0823961225402542,-0.4939860908834364,0.047662576291773215,1.381088711627115
vol 150%/w90,1.7142899971612633,1.5223051202191509,1.0,0.29910699166979654,0.02683815733935868,0.8794959640466067,1.659197041247134,3.7768729380962354,0.0,2.478072369718684,2.7407531866514114,1.4841315610668302,0.29910699166979654,2.751051155262154,0.40414243561815555,1.1057634178968163,1.5604786793714716
vol 150%/w90 +van,0.837852638257866,0.7548519982202258,0.875,-0.4457442292767929,0.006229266205797965,0.604284745331049,0.7016191255337465,0.9362544549662092,0.718397997496871,1.5992969396830512,1.674587886295107,1.0767167473632555,1.054910759317081,0.1699425028946916,0.4547932371233705,0.1735937681020999,-0.4457442292767929
