c_lookback,c_min_periods,c_t_threshold,c_max_abs_weight,c_max_step,p_mode,p_n_positions,p_max_weight,p_vol_window,p_z_clip,p_vol_floor_pct,sharpe_train,sharpe_holdout,n_train,n_holdout,status
250,180,2.0,0.2,0.05,rank_riskparity,8,0.15,90,2.5,0.1,1.5303207364005147,0.3337377446581034,580,219,ok
250,180,2.0,0.2,0.05,rank_binary,8,0.3,60,2.5,0.2,1.5379213043134232,0.3505193493921871,580,219,ok
250,180,2.0,0.2,0.05,zscore,20,0.15,40,2.5,0.1,1.647982332725136,0.043438369036002504,580,219,ok
250,180,2.0,0.2,0.05,zscore,8,0.2,60,2.0,0.2,1.5809645663239607,0.2884885731372169,580,219,ok
250,180,2.0,0.2,0.05,zscore,12,0.15,90,3.0,0.1,1.645073126479299,0.19097399409959345,580,219,ok
250,180,2.0,0.2,0.05,rank_binary,8,0.2,40,3.0,0.05,1.5216941679426474,0.3505193493921871,580,219,ok
250,180,2.0,0.2,0.05,zscore,16,0.3,90,3.0,0.2,1.659660340073292,0.2855501590393384,580,219,ok
250,180,2.0,0.2,0.05,rank_riskparity,8,0.3,40,3.0,0.05,1.303557925731648,0.5619025825240501,580,219,ok
250,180,2.0,0.2,0.05,zscore_riskparity,8,0.2,90,2.5,0.05,1.4447877175798622,0.3129290389939643,580,219,ok
250,180,2.0,0.2,0.05,zscore_riskparity,12,0.15,40,3.0,0.2,1.5792749268934263,0.3626627984644654,580,219,ok
375,120,2.5,0.2,0.1,rank_riskparity,8,0.2,60,2.0,0.05,1.7025235009058048,0.41399453920702023,580,219,ok
375,120,2.5,0.2,0.1,zscore,16,0.2,90,3.0,0.05,1.7744065679710461,0.4216804919250271,580,219,ok
375,120,2.5,0.2,0.1,rank_riskparity,20,0.15,60,2.0,0.05,1.594336553403686,0.18370239228727808,580,219,ok
375,120,2.5,0.2,0.1,rank_binary,16,0.3,90,2.0,0.1,1.7526621562660993,0.41808773671767785,580,219,ok
375,120,2.5,0.2,0.1,rank_binary,12,0.2,60,2.5,0.2,1.81156309654613,0.3854954633605339,580,219,ok
375,120,2.5,0.2,0.1,zscore,8,0.2,90,2.5,0.05,1.7888984697989523,0.47968057808217285,580,219,ok
375,120,2.5,0.2,0.1,zscore,16,0.15,40,3.0,0.05,1.7392191455262715,0.4343672250108619,580,219,ok
375,120,2.5,0.2,0.1,rank_riskparity,12,0.3,60,2.5,0.2,1.7894392449606449,0.1715465845435092,580,219,ok
375,120,2.5,0.2,0.1,zscore_riskparity,8,0.2,40,2.5,0.2,1.8108710472214475,0.6493328857712649,580,219,ok
375,120,2.5,0.2,0.1,zscore,16,0.2,90,2.0,0.05,1.7928916081200803,0.3534015015468714,580,219,ok
250,120,1.0,0.45,0.1,zscore,20,0.3,40,2.0,0.2,2.384337948236352,1.5874506669805517,580,219,ok
250,120,1.0,0.45,0.1,rank_binary,12,0.2,60,2.0,0.1,2.337860862526202,1.4424899994081195,580,219,ok
250,120,1.0,0.45,0.1,zscore_riskparity,8,0.15,90,3.0,0.05,2.1946148534328622,0.8796563249886049,580,219,ok
250,120,1.0,0.45,0.1,rank_riskparity,12,0.3,60,3.0,0.2,2.3321706239768845,1.5494092295425073,580,219,ok
250,120,1.0,0.45,0.1,zscore_riskparity,12,0.3,60,2.0,0.1,2.200879076986847,1.4831455199404093,580,219,ok
250,120,1.0,0.45,0.1,zscore_riskparity,8,0.3,40,2.0,0.1,2.1410168544748,0.8527187606206833,580,219,ok
250,120,1.0,0.45,0.1,zscore,8,0.2,60,2.0,0.05,2.1965012641234924,0.8417779899466379,580,219,ok
250,120,1.0,0.45,0.1,rank_riskparity,12,0.2,90,3.0,0.1,2.2895780782884496,1.5982566585605826,580,219,ok
250,120,1.0,0.45,0.1,zscore,20,0.2,60,2.0,0.1,2.385132616746222,1.5874506669805517,580,219,ok
250,120,1.0,0.45,0.1,rank_riskparity,16,0.15,40,2.5,0.05,2.3589699906679007,1.3160049232148479,580,219,ok
750,80,1.0,0.45,0.1,zscore_riskparity,16,0.3,90,3.0,0.2,2.293338260627287,1.3551404205576634,580,219,ok
750,80,1.0,0.45,0.1,zscore,20,0.3,60,3.0,0.1,2.480979698753688,1.1856353069630894,580,219,ok
750,80,1.0,0.45,0.1,zscore,16,0.2,90,2.0,0.1,2.3648067602750995,1.356631103723934,580,219,ok
750,80,1.0,0.45,0.1,rank_binary,12,0.15,90,2.0,0.2,2.175226118951159,1.5247602758132917,580,219,ok
750,80,1.0,0.45,0.1,rank_riskparity,16,0.3,40,2.5,0.05,2.352781579017926,1.431626973764864,580,219,ok
750,80,1.0,0.45,0.1,zscore,20,0.3,60,3.0,0.05,2.480979698753688,1.1856353069630894,580,219,ok
750,80,1.0,0.45,0.1,zscore_riskparity,16,0.3,60,3.0,0.2,2.296760980165723,1.3262058140521702,580,219,ok
750,80,1.0,0.45,0.1,zscore,12,0.2,90,2.0,0.1,2.1605919802906577,1.5316716079929322,580,219,ok
750,80,1.0,0.45,0.1,rank_riskparity,20,0.3,90,2.5,0.1,2.382647837162144,1.3814655328372767,580,219,ok
750,80,1.0,0.45,0.1,zscore_riskparity,8,0.15,90,2.5,0.1,1.9997909237230846,1.099423059261567,580,219,ok
750,80,2.5,0.15,0.05,rank_binary,16,0.15,60,3.0,0.1,1.7330480233408128,1.6543301639310546,580,219,ok
750,80,2.5,0.15,0.05,rank_riskparity,16,0.2,40,2.5,0.1,1.706834985825635,1.6326732776253687,580,219,ok
750,80,2.5,0.15,0.05,zscore_riskparity,16,0.2,40,3.0,0.1,1.8227340531832252,1.5813257953743807,580,219,ok
750,80,2.5,0.15,0.05,zscore_riskparity,16,0.15,40,2.5,0.05,1.8143364868734821,1.6193218990295177,580,219,ok
750,80,2.5,0.15,0.05,rank_binary,20,0.3,40,3.0,0.05,1.4829934765617847,1.7313116878286001,580,219,ok
750,80,2.5,0.15,0.05,zscore,12,0.2,60,2.0,0.05,1.7780947387036197,1.6699738769312655,580,219,ok
750,80,2.5,0.15,0.05,zscore,16,0.3,90,3.0,0.05,1.923415361053219,1.452600390033499,580,219,ok
750,80,2.5,0.15,0.05,rank_riskparity,8,0.15,90,3.0,0.2,1.9770148772483966,1.5002526190748664,580,219,ok
750,80,2.5,0.15,0.05,zscore,8,0.3,90,2.5,0.05,2.0294920340812808,1.2747854301410857,580,219,ok
750,80,2.5,0.15,0.05,rank_riskparity,8,0.3,40,3.0,0.2,1.951426565994416,1.625337770224228,580,219,ok
500,180,1.5,0.2,0.03,rank_binary,12,0.15,60,2.5,0.05,2.1567297274693855,1.2212317100614973,580,219,ok
500,180,1.5,0.2,0.03,zscore_riskparity,12,0.2,40,2.5,0.2,2.111430235179283,1.3679841150341248,580,219,ok
500,180,1.5,0.2,0.03,rank_riskparity,8,0.15,60,2.0,0.05,1.7840954636053288,0.9402809552157282,580,219,ok
500,180,1.5,0.2,0.03,rank_binary,16,0.15,40,3.0,0.1,2.228253520036122,1.1842864556809767,580,219,ok
500,180,1.5,0.2,0.03,zscore_riskparity,16,0.3,60,2.5,0.2,2.0670422493787544,1.1360061695463213,580,219,ok
500,180,1.5,0.2,0.03,zscore,16,0.2,90,2.0,0.05,2.227454308168993,1.2553199957672998,580,219,ok
500,180,1.5,0.2,0.03,zscore_riskparity,20,0.15,60,3.0,0.2,1.9533073399303473,1.272141859350903,580,219,ok
500,180,1.5,0.2,0.03,zscore,12,0.15,40,2.0,0.05,2.1166444021105235,1.283712828947015,580,219,ok
500,180,1.5,0.2,0.03,rank_riskparity,8,0.3,40,2.0,0.05,1.7626344912598644,1.1909790719464002,580,219,ok
500,180,1.5,0.2,0.03,rank_binary,20,0.15,60,2.0,0.2,2.0376090189888467,1.2796071809062532,580,219,ok
375,180,2.5,0.3,0.03,zscore_riskparity,16,0.3,60,3.0,0.05,1.5699267964321488,0.19677568539762422,580,219,ok
375,180,2.5,0.3,0.03,rank_riskparity,8,0.15,40,2.5,0.1,1.4736275835197647,0.5332499939529405,580,219,ok
375,180,2.5,0.3,0.03,rank_binary,16,0.15,60,3.0,0.1,1.6113154923484112,0.6485057809041085,580,219,ok
375,180,2.5,0.3,0.03,zscore_riskparity,12,0.2,40,2.5,0.05,1.6866103715834397,0.16374988756881498,580,219,ok
375,180,2.5,0.3,0.03,zscore_riskparity,12,0.2,90,2.0,0.1,1.701810052763677,0.09611118269001215,580,219,ok
375,180,2.5,0.3,0.03,rank_riskparity,20,0.15,90,2.5,0.2,1.4733906213681731,0.41150447384266053,580,219,ok
375,180,2.5,0.3,0.03,zscore_riskparity,12,0.15,90,3.0,0.05,1.6488887882367058,0.1502764262772771,580,219,ok
375,180,2.5,0.3,0.03,rank_riskparity,8,0.2,90,2.5,0.05,1.4703171116496525,0.2354149184980472,580,219,ok
375,180,2.5,0.3,0.03,zscore,12,0.3,40,3.0,0.2,1.642137612674099,0.2859526583225206,580,219,ok
375,180,2.5,0.3,0.03,rank_binary,8,0.3,60,2.0,0.2,1.4742802615583228,0.4667867105337589,580,219,ok
750,80,2.0,0.45,0.1,rank_riskparity,12,0.15,60,2.0,0.1,1.88797819129123,1.1249425160455357,580,219,ok
750,80,2.0,0.45,0.1,zscore,8,0.3,40,2.5,0.1,1.7185820432794385,1.0172111209489414,580,219,ok
750,80,2.0,0.45,0.1,zscore_riskparity,8,0.3,60,2.0,0.1,1.6128914068851377,1.0857984986260605,580,219,ok
750,80,2.0,0.45,0.1,zscore_riskparity,12,0.2,90,3.0,0.05,1.7683774032633581,1.1548270466422261,580,219,ok
750,80,2.0,0.45,0.1,rank_binary,20,0.15,90,2.5,0.2,1.6335514843360686,1.2428785991069087,580,219,ok
750,80,2.0,0.45,0.1,rank_riskparity,16,0.3,60,2.0,0.05,1.652509846385623,1.4325280697875107,580,219,ok
750,80,2.0,0.45,0.1,zscore_riskparity,16,0.2,90,2.5,0.2,1.7042265341223155,1.4624949895969754,580,219,ok
750,80,2.0,0.45,0.1,rank_binary,12,0.15,90,2.5,0.2,2.0139925525189546,1.1091289967695777,580,219,ok
750,80,2.0,0.45,0.1,zscore,16,0.15,90,2.0,0.05,1.8373332013527037,1.4679579315725524,580,219,ok
750,80,2.0,0.45,0.1,rank_riskparity,12,0.3,90,3.0,0.1,1.8563457735215663,1.1418413417054614,580,219,ok
375,180,2.5,0.2,0.03,rank_binary,16,0.2,40,2.5,0.1,1.7941573811029634,0.595491670541129,580,219,ok
375,180,2.5,0.2,0.03,zscore_riskparity,20,0.2,40,2.0,0.05,1.7141612854073298,0.18517630035612795,580,219,ok
375,180,2.5,0.2,0.03,zscore,8,0.15,60,2.0,0.2,1.6737953183009113,0.519842397355192,580,219,ok
375,180,2.5,0.2,0.03,rank_riskparity,16,0.15,90,2.5,0.2,1.7067648097453225,0.37146357290912047,580,219,ok
375,180,2.5,0.2,0.03,rank_riskparity,16,0.15,40,2.5,0.2,1.7801970149877728,0.44145859997692094,580,219,ok
375,180,2.5,0.2,0.03,rank_riskparity,8,0.2,40,3.0,0.2,1.6296470844075783,0.6977144206528951,580,219,ok
375,180,2.5,0.2,0.03,rank_riskparity,20,0.2,60,2.5,0.2,1.693696204578313,0.0551973899510454,580,219,ok
375,180,2.5,0.2,0.03,rank_riskparity,8,0.2,40,3.0,0.2,1.6296470844075783,0.6977144206528951,580,219,ok
375,180,2.5,0.2,0.03,rank_binary,16,0.3,90,2.0,0.2,1.782535731158454,0.595491670541129,580,219,ok
375,180,2.5,0.2,0.03,rank_binary,16,0.15,40,3.0,0.05,1.7941573811029634,0.595491670541129,580,219,ok
250,120,1.5,0.2,0.05,zscore_riskparity,20,0.2,40,2.5,0.1,1.9770250812220993,1.2863199894332136,580,219,ok
250,120,1.5,0.2,0.05,rank_binary,8,0.3,60,2.0,0.05,2.1054369895169778,0.8719489478926007,580,219,ok
250,120,1.5,0.2,0.05,zscore,16,0.2,60,3.0,0.1,2.288135791310241,1.0467754946208585,580,219,ok
250,120,1.5,0.2,0.05,rank_binary,8,0.2,90,3.0,0.1,2.112074503369784,0.8719489478926007,580,219,ok
250,120,1.5,0.2,0.05,rank_riskparity,20,0.15,40,3.0,0.1,1.841009642934966,1.4051251343303128,580,219,ok
250,120,1.5,0.2,0.05,zscore_riskparity,8,0.2,40,3.0,0.1,2.041890875310634,0.7593397466116284,580,219,ok
250,120,1.5,0.2,0.05,zscore_riskparity,8,0.15,60,3.0,0.05,2.0414529459200725,0.8330425964411458,580,219,ok
250,120,1.5,0.2,0.05,rank_riskparity,20,0.15,60,2.5,0.2,1.8568736901606637,1.4665227476851124,580,219,ok
250,120,1.5,0.2,0.05,rank_binary,8,0.3,40,3.0,0.2,2.087833348439464,0.8719489478926007,580,219,ok
250,120,1.5,0.2,0.05,zscore_riskparity,16,0.3,60,2.0,0.1,2.2259705594404515,1.1529226044574332,580,219,ok
750,180,2.5,0.15,0.03,zscore_riskparity,8,0.3,40,2.5,0.1,1.700732188849601,1.5511965149297535,580,219,ok
750,180,2.5,0.15,0.03,rank_binary,8,0.2,60,2.5,0.1,1.702861472167008,1.326821100595048,580,219,ok
750,180,2.5,0.15,0.03,rank_riskparity,8,0.3,60,2.5,0.1,1.6348457214683565,1.4739415050317606,580,219,ok
750,180,2.5,0.15,0.03,rank_riskparity,20,0.2,90,3.0,0.05,1.5560437287049764,1.7357369213528708,580,219,ok
750,180,2.5,0.15,0.03,rank_riskparity,8,0.15,40,3.0,0.1,1.6567733513371865,1.547951373335644,580,219,ok
750,180,2.5,0.15,0.03,rank_binary,12,0.2,40,3.0,0.1,1.7295664626297251,1.759503843405781,580,219,ok
750,180,2.5,0.15,0.03,rank_binary,12,0.15,40,2.5,0.2,1.7295664626297251,1.759503843405781,580,219,ok
750,180,2.5,0.15,0.03,rank_riskparity,8,0.15,60,2.5,0.1,1.6852242082016295,1.4711120621843308,580,219,ok
750,180,2.5,0.15,0.03,zscore,12,0.2,60,2.5,0.05,1.8073871001668147,1.586704397308778,580,219,ok
750,180,2.5,0.15,0.03,zscore,20,0.15,40,2.5,0.2,1.8104387711220506,1.5540997805901078,580,219,ok
375,80,1.0,0.2,0.03,zscore_riskparity,20,0.3,60,2.5,0.05,2.2593583408462083,1.5404077964023515,580,219,ok
375,80,1.0,0.2,0.03,rank_binary,16,0.15,90,2.5,0.1,2.457543198138566,1.8544163586170124,580,219,ok
375,80,1.0,0.2,0.03,rank_riskparity,16,0.15,60,2.5,0.05,2.333597069444897,1.8174878549273994,580,219,ok
375,80,1.0,0.2,0.03,zscore,8,0.3,40,2.5,0.05,2.0945394627283953,1.4982640719300349,580,219,ok
375,80,1.0,0.2,0.03,rank_binary,12,0.3,60,2.5,0.1,2.174961052074543,2.1224627339965734,580,219,ok
375,80,1.0,0.2,0.03,rank_riskparity,16,0.15,60,2.5,0.1,2.3712375128526006,1.81627980870117,580,219,ok
375,80,1.0,0.2,0.03,zscore,8,0.2,90,3.0,0.1,2.096044700304985,1.4384129240437546,580,219,ok
375,80,1.0,0.2,0.03,zscore_riskparity,8,0.3,90,3.0,0.1,2.1005875808110246,1.4922670123155715,580,219,ok
375,80,1.0,0.2,0.03,zscore,8,0.2,40,3.0,0.1,2.070825032082675,1.4384129240437546,580,219,ok
375,80,1.0,0.2,0.03,zscore,20,0.3,90,2.0,0.2,2.4189946641446625,1.6077194408618563,580,219,ok
375,120,1.5,0.45,0.03,zscore,16,0.2,90,2.0,0.1,2.236543190170265,1.2007979500350394,580,219,ok
375,120,1.5,0.45,0.03,rank_binary,8,0.3,90,3.0,0.2,2.067919312046793,1.1823381139295972,580,219,ok
375,120,1.5,0.45,0.03,rank_riskparity,8,0.2,60,2.0,0.05,1.9516381260177906,1.1436233751586158,580,219,ok
375,120,1.5,0.45,0.03,zscore_riskparity,16,0.15,90,2.0,0.1,2.079921794868514,1.219151347695279,580,219,ok
375,120,1.5,0.45,0.03,rank_binary,20,0.15,90,3.0,0.2,1.912727287602178,1.2009151185993983,580,219,ok
375,120,1.5,0.45,0.03,zscore,12,0.3,40,2.0,0.2,2.1784247156842174,1.4669831133151436,580,219,ok
375,120,1.5,0.45,0.03,zscore_riskparity,20,0.15,40,2.0,0.1,2.004638565063478,1.1945770919356804,580,219,ok
375,120,1.5,0.45,0.03,zscore_riskparity,16,0.2,60,2.5,0.05,2.0047777982319297,1.1236033664186698,580,219,ok
375,120,1.5,0.45,0.03,zscore,8,0.3,40,3.0,0.2,2.0263929994766245,1.0217290821667682,580,219,ok
375,120,1.5,0.45,0.03,zscore,16,0.3,40,2.0,0.1,2.223236470078285,1.2007979500350394,580,219,ok
500,120,1.0,0.3,0.03,zscore_riskparity,12,0.2,60,3.0,0.1,2.198837339901998,1.1571175515170737,580,219,ok
500,120,1.0,0.3,0.03,rank_binary,20,0.3,60,3.0,0.2,2.446344575618499,1.4295816348339965,580,219,ok
500,120,1.0,0.3,0.03,zscore,8,0.15,60,2.0,0.05,2.003801235923035,1.2082764339398802,580,219,ok
500,120,1.0,0.3,0.03,rank_riskparity,16,0.3,40,2.0,0.05,2.365189379225353,1.3972610800805714,580,219,ok
500,120,1.0,0.3,0.03,zscore_riskparity,20,0.3,40,3.0,0.05,2.349251798339562,1.3923485423851987,580,219,ok
500,120,1.0,0.3,0.03,zscore_riskparity,16,0.3,60,2.0,0.1,2.2508446988564397,1.405305283311887,580,219,ok
500,120,1.0,0.3,0.03,zscore_riskparity,8,0.15,60,2.0,0.05,2.0047352801977625,1.0610911355149406,580,219,ok
500,120,1.0,0.3,0.03,rank_riskparity,12,0.3,40,2.0,0.05,2.375301679473964,1.1999788607760002,580,219,ok
500,120,1.0,0.3,0.03,zscore,12,0.2,40,2.5,0.05,2.216535648007183,1.4498593966079965,580,219,ok
500,120,1.0,0.3,0.03,zscore_riskparity,12,0.2,60,2.0,0.1,2.2322574431931357,1.1256518961673483,580,219,ok
250,180,1.5,0.3,0.1,zscore_riskparity,16,0.2,40,3.0,0.05,1.9431458680633344,0.8535944196237039,580,219,ok
250,180,1.5,0.3,0.1,rank_riskparity,16,0.3,60,2.5,0.1,2.104652168303068,0.8933110571428976,580,219,ok
250,180,1.5,0.3,0.1,rank_riskparity,8,0.2,40,3.0,0.05,1.7952509436059625,0.5289215798369629,580,219,ok
250,180,1.5,0.3,0.1,rank_binary,20,0.2,90,2.0,0.2,1.9688121558289762,1.1965570059695154,580,219,ok
250,180,1.5,0.3,0.1,rank_binary,16,0.15,90,3.0,0.1,2.2340793560554366,0.7753479286910588,580,219,ok
250,180,1.5,0.3,0.1,zscore,8,0.15,60,2.0,0.05,1.890629081524145,0.5078024208748145,580,219,ok
250,180,1.5,0.3,0.1,zscore,20,0.3,90,3.0,0.2,2.0021025223631503,0.9693562459475215,580,219,ok
250,180,1.5,0.3,0.1,zscore,16,0.15,40,3.0,0.2,2.080955973430287,0.6829178114397499,580,219,ok
250,180,1.5,0.3,0.1,zscore_riskparity,12,0.2,60,2.5,0.05,1.9565766063429575,0.6426543379458826,580,219,ok
250,180,1.5,0.3,0.1,zscore,20,0.15,60,3.0,0.2,1.9944750168076788,0.9693562459475215,580,219,ok
375,180,2.5,0.15,0.1,rank_binary,16,0.3,60,2.5,0.1,1.8408770562004941,0.33157887243925527,580,219,ok
375,180,2.5,0.15,0.1,zscore,12,0.3,60,3.0,0.1,1.9051454252029054,0.36018846188309916,580,219,ok
375,180,2.5,0.15,0.1,zscore_riskparity,12,0.2,40,3.0,0.2,1.8825137177358302,0.4130324758035299,580,219,ok
375,180,2.5,0.15,0.1,zscore_riskparity,12,0.3,60,3.0,0.05,1.7987228286210248,0.2063282090469551,580,219,ok
375,180,2.5,0.15,0.1,rank_binary,8,0.2,40,2.0,0.2,1.8290894520746968,0.4383850331281905,580,219,ok
375,180,2.5,0.15,0.1,zscore_riskparity,8,0.2,90,3.0,0.2,1.8340436201976833,0.5265852219635453,580,219,ok
375,180,2.5,0.15,0.1,rank_riskparity,12,0.15,40,2.5,0.05,1.7694834904445036,0.3560364146155024,580,219,ok
375,180,2.5,0.15,0.1,zscore,20,0.15,60,2.0,0.2,1.9544956040683095,0.4101170437955513,580,219,ok
375,180,2.5,0.15,0.1,rank_binary,16,0.2,60,2.0,0.2,1.8408770562004941,0.33157887243925527,580,219,ok
375,180,2.5,0.15,0.1,rank_riskparity,12,0.2,90,2.5,0.05,1.7047340375786004,0.3205434346910377,580,219,ok
375,180,2.5,0.45,0.1,rank_binary,12,0.15,90,3.0,0.1,1.6384815375052009,0.6514315628789785,580,219,ok
375,180,2.5,0.45,0.1,zscore_riskparity,12,0.15,90,2.5,0.1,1.619512038858806,0.5759387679779618,580,219,ok
375,180,2.5,0.45,0.1,rank_riskparity,12,0.2,90,2.5,0.05,1.6089199839685515,0.5842834584579003,580,219,ok
375,180,2.5,0.45,0.1,zscore,12,0.3,40,2.5,0.2,1.6210081692948584,0.5197372519906936,580,219,ok
375,180,2.5,0.45,0.1,rank_binary,12,0.3,90,3.0,0.2,1.6384815375052009,0.6514315628789785,580,219,ok
375,180,2.5,0.45,0.1,rank_binary,12,0.15,90,2.0,0.2,1.6384815375052009,0.6514315628789785,580,219,ok
375,180,2.5,0.45,0.1,rank_binary,20,0.3,90,3.0,0.1,1.4819853992517833,0.9418246361630985,580,219,ok
375,180,2.5,0.45,0.1,zscore,16,0.15,40,3.0,0.1,1.574463862270934,0.6866004383794502,580,219,ok
375,180,2.5,0.45,0.1,rank_binary,12,0.2,90,2.5,0.1,1.6384815375052009,0.6514315628789785,580,219,ok
375,180,2.5,0.45,0.1,rank_riskparity,20,0.3,60,2.0,0.2,1.4606696922268643,0.6692974287171732,580,219,ok
250,80,2.0,0.2,0.1,zscore_riskparity,12,0.15,90,2.5,0.2,1.5467186357143068,0.5362044898752637,580,219,ok
250,80,2.0,0.2,0.1,rank_binary,12,0.15,40,2.5,0.1,1.6542695873203876,0.4630851652257814,580,219,ok
250,80,2.0,0.2,0.1,zscore,16,0.15,40,3.0,0.1,1.4595567774917957,0.34299787992570896,580,219,ok
250,80,2.0,0.2,0.1,rank_binary,20,0.15,60,2.5,0.1,1.5090700270925363,0.5249010118179068,580,219,ok
250,80,2.0,0.2,0.1,zscore_riskparity,8,0.15,60,2.5,0.05,1.4467861148264438,0.5634138388250678,580,219,ok
250,80,2.0,0.2,0.1,rank_riskparity,12,0.2,60,2.5,0.1,1.5337420598452138,0.7096372681638707,580,219,ok
250,80,2.0,0.2,0.1,rank_riskparity,20,0.2,40,3.0,0.2,1.3502669823865232,0.8513618709755008,580,219,ok
250,80,2.0,0.2,0.1,zscore,16,0.2,60,2.0,0.2,1.420960163774723,0.3126674698987067,580,219,ok
250,80,2.0,0.2,0.1,rank_riskparity,12,0.2,60,2.0,0.05,1.4941705718327907,0.73579142768111,580,219,ok
250,80,2.0,0.2,0.1,zscore,8,0.3,90,2.5,0.2,1.4279964797470455,0.4512545189853898,580,219,ok
500,80,2.5,0.15,0.03,zscore,16,0.2,90,3.0,0.1,1.752049116413242,0.386549975136198,580,219,ok
500,80,2.5,0.15,0.03,rank_riskparity,16,0.3,40,2.0,0.1,1.5292240333158675,0.4697112096381042,580,219,ok
500,80,2.5,0.15,0.03,zscore,12,0.2,90,2.0,0.1,1.6485875433589838,0.7699298180562089,580,219,ok
500,80,2.5,0.15,0.03,rank_riskparity,12,0.2,40,2.0,0.1,1.4530522621235678,0.9618690977125609,580,219,ok
500,80,2.5,0.15,0.03,rank_riskparity,16,0.3,60,2.0,0.2,1.4919183421786781,0.47190886002058074,580,219,ok
500,80,2.5,0.15,0.03,zscore,12,0.3,40,2.0,0.2,1.6358487682713891,0.7699298180562089,580,219,ok
500,80,2.5,0.15,0.03,rank_riskparity,8,0.3,90,2.0,0.1,1.6950007836289673,0.717983138538155,580,219,ok
500,80,2.5,0.15,0.03,rank_riskparity,20,0.15,90,2.5,0.05,1.2967901812365,0.9117347974044562,580,219,ok
500,80,2.5,0.15,0.03,rank_binary,20,0.3,40,3.0,0.2,1.4464374413405892,0.7325226431608798,580,219,ok
500,80,2.5,0.15,0.03,rank_riskparity,16,0.15,40,2.5,0.05,1.5327920159009867,0.4541876934331509,580,219,ok
500,120,2.5,0.45,0.1,zscore_riskparity,20,0.3,90,3.0,0.05,1.3449419727842316,0.8044695272829708,580,219,ok
500,120,2.5,0.45,0.1,zscore,16,0.15,40,2.0,0.1,1.3979774292692253,0.6056675698003479,580,219,ok
500,120,2.5,0.45,0.1,rank_riskparity,8,0.2,40,3.0,0.05,1.6505452902689632,0.7865254123861278,580,219,ok
500,120,2.5,0.45,0.1,rank_riskparity,8,0.3,90,2.0,0.2,1.6636251764392125,0.5916163420676784,580,219,ok
500,120,2.5,0.45,0.1,rank_riskparity,16,0.2,90,2.0,0.2,1.3992385553402926,0.8209969371946156,580,219,ok
500,120,2.5,0.45,0.1,zscore_riskparity,16,0.2,40,3.0,0.2,1.493326279537207,0.8226265144718441,580,219,ok
500,120,2.5,0.45,0.1,zscore,12,0.15,40,2.0,0.1,1.5827156127715092,0.9178664423337005,580,219,ok
500,120,2.5,0.45,0.1,zscore,12,0.2,40,2.5,0.05,1.5580530996284758,0.8011308906407396,580,219,ok
500,120,2.5,0.45,0.1,zscore_riskparity,8,0.2,90,2.5,0.2,1.6415143006864552,0.5034889103869099,580,219,ok
500,120,2.5,0.45,0.1,rank_riskparity,8,0.3,90,2.5,0.2,1.6636251764392125,0.5916163420676784,580,219,ok
750,180,2.0,0.15,0.1,rank_binary,20,0.15,40,2.0,0.1,1.988984696414417,1.2840645647757627,580,219,ok
750,180,2.0,0.15,0.1,rank_binary,16,0.2,40,2.0,0.05,2.045638221549138,1.3846775838778245,580,219,ok
750,180,2.0,0.15,0.1,rank_riskparity,12,0.3,60,2.0,0.1,2.1124573060045595,1.3415525161088244,580,219,ok
750,180,2.0,0.15,0.1,zscore,12,0.15,40,3.0,0.2,2.0807509554376864,1.2716019275973929,580,219,ok
750,180,2.0,0.15,0.1,zscore,12,0.15,60,2.5,0.1,2.120973500195852,1.3039874046322706,580,219,ok
750,180,2.0,0.15,0.1,rank_binary,20,0.2,60,2.5,0.05,1.971746872187034,1.2840645647757627,580,219,ok
750,180,2.0,0.15,0.1,zscore,20,0.15,60,3.0,0.1,2.0136165136707636,1.2085825068450111,580,219,ok
750,180,2.0,0.15,0.1,rank_riskparity,12,0.3,90,2.0,0.2,2.1177663429141385,1.3871629644287482,580,219,ok
750,180,2.0,0.15,0.1,rank_riskparity,12,0.15,60,3.0,0.2,2.1558560087967833,1.3713209816414942,580,219,ok
750,180,2.0,0.15,0.1,rank_riskparity,16,0.15,40,3.0,0.05,1.8576882630978784,1.2927358048295536,580,219,ok
500,180,1.5,0.3,0.03,zscore,16,0.15,40,2.5,0.1,2.160046998103205,1.202153313138487,580,219,ok
500,180,1.5,0.3,0.03,zscore_riskparity,12,0.3,60,2.0,0.1,2.070910039296041,1.0905352474540708,580,219,ok
500,180,1.5,0.3,0.03,rank_riskparity,16,0.15,60,3.0,0.1,2.03615538937897,0.931753838780455,580,219,ok
500,180,1.5,0.3,0.03,rank_binary,12,0.3,60,3.0,0.05,2.1567297274693855,1.1961878631780796,580,219,ok
500,180,1.5,0.3,0.03,rank_riskparity,12,0.2,60,3.0,0.1,2.0901273594686587,0.9988697473640493,580,219,ok
500,180,1.5,0.3,0.03,rank_riskparity,8,0.3,60,2.0,0.2,1.7761771106844153,0.9333114933287854,580,219,ok
500,180,1.5,0.3,0.03,zscore,8,0.2,90,2.0,0.2,1.7837224526687847,0.9645062679187412,580,219,ok
500,180,1.5,0.3,0.03,rank_riskparity,16,0.2,90,3.0,0.1,1.9763289324091091,1.0575326120221098,580,219,ok
500,180,1.5,0.3,0.03,zscore_riskparity,8,0.2,40,3.0,0.05,1.738672264074897,1.2021896903823164,580,219,ok
500,180,1.5,0.3,0.03,zscore,20,0.15,90,3.0,0.05,2.0707551923509326,1.2251705022233474,580,219,ok
250,180,1.0,0.3,0.03,rank_riskparity,16,0.2,60,3.0,0.2,2.1982024266817195,1.4835749041196147,580,219,ok
250,180,1.0,0.3,0.03,zscore,12,0.3,90,2.5,0.05,2.034049032869475,1.3069525033310645,580,219,ok
250,180,1.0,0.3,0.03,zscore_riskparity,16,0.2,90,2.0,0.2,2.1053634092581035,1.5196498646544436,580,219,ok
250,180,1.0,0.3,0.03,rank_riskparity,20,0.2,40,3.0,0.2,2.220093016582266,1.6392117339495182,580,219,ok
250,180,1.0,0.3,0.03,zscore_riskparity,12,0.2,40,3.0,0.05,1.9422383604190598,1.421332871654579,580,219,ok
250,180,1.0,0.3,0.03,zscore_riskparity,8,0.15,60,2.5,0.05,1.8363694590519963,0.7870996601383867,580,219,ok
250,180,1.0,0.3,0.03,zscore_riskparity,16,0.2,40,2.5,0.2,2.108141945618413,1.458732175960506,580,219,ok
250,180,1.0,0.3,0.03,rank_riskparity,8,0.3,60,2.0,0.1,1.7612066373882436,0.7685782761849111,580,219,ok
250,180,1.0,0.3,0.03,rank_binary,8,0.3,40,3.0,0.05,1.8090475305996043,0.8472741335101736,580,219,ok
250,180,1.0,0.3,0.03,rank_binary,20,0.2,40,3.0,0.2,2.2747893997315694,1.7243471379386592,580,219,ok
500,80,2.0,0.15,0.1,rank_riskparity,20,0.2,90,3.0,0.2,1.5842654248859613,1.1209822588069838,580,219,ok
500,80,2.0,0.15,0.1,zscore,8,0.3,60,3.0,0.2,1.6470050056646073,1.0160707557197934,580,219,ok
500,80,2.0,0.15,0.1,rank_binary,16,0.15,90,2.0,0.1,1.9087315513732794,1.224549172161895,580,219,ok
500,80,2.0,0.15,0.1,zscore_riskparity,16,0.15,40,3.0,0.05,1.8626505642500568,1.2361023502485162,580,219,ok
500,80,2.0,0.15,0.1,rank_riskparity,16,0.15,40,2.0,0.05,1.790410521117418,1.121000919471544,580,219,ok
500,80,2.0,0.15,0.1,zscore,16,0.2,90,3.0,0.05,1.849230986206184,1.170462909167127,580,219,ok
500,80,2.0,0.15,0.1,zscore_riskparity,20,0.2,90,2.5,0.05,1.6159216462197465,1.2584576460897323,580,219,ok
500,80,2.0,0.15,0.1,zscore,16,0.3,90,2.5,0.05,1.8280025920536707,1.227973652982694,580,219,ok
500,80,2.0,0.15,0.1,rank_riskparity,12,0.2,60,3.0,0.2,2.1609846219222395,1.223245711722643,580,219,ok
500,80,2.0,0.15,0.1,rank_binary,20,0.15,90,2.0,0.05,1.6885298527528576,1.0656554467522565,580,219,ok
500,120,1.0,0.45,0.03,zscore_riskparity,12,0.3,90,3.0,0.2,2.1979945463585078,1.2867968484469683,580,219,ok
500,120,1.0,0.45,0.03,zscore,20,0.2,60,3.0,0.2,2.400333543967483,1.3842653436159296,580,219,ok
500,120,1.0,0.45,0.03,rank_riskparity,16,0.2,60,3.0,0.05,2.2825783417775254,1.3873495347190403,580,219,ok
500,120,1.0,0.45,0.03,zscore_riskparity,8,0.15,90,3.0,0.05,2.0163003079922612,1.0664925086342032,580,219,ok
500,120,1.0,0.45,0.03,zscore,12,0.2,60,2.5,0.1,2.240115311787805,1.4498593966079965,580,219,ok
500,120,1.0,0.45,0.03,rank_binary,12,0.15,90,2.0,0.2,2.3330687966431873,1.4277472885159537,580,219,ok
500,120,1.0,0.45,0.03,zscore_riskparity,8,0.3,40,2.0,0.2,2.0465540419115698,1.325969489918427,580,219,ok
500,120,1.0,0.45,0.03,zscore_riskparity,8,0.2,40,2.0,0.1,2.024340942701973,1.3083542047055328,580,219,ok
500,120,1.0,0.45,0.03,zscore,20,0.3,60,2.5,0.2,2.401094657180296,1.4389497437084102,580,219,ok
500,120,1.0,0.45,0.03,rank_riskparity,12,0.2,40,2.5,0.05,2.3691562616278365,1.1961396326107607,580,219,ok
